{
  "version": "2.0.0-beta.0",
  "visualisation": {
    "nodes": [
      {
        "id": "n:n0",
        "position": {
          "x": -48.09808149660501,
          "y": -148.6676740014796
        }
      },
      {
        "id": "n:n4",
        "position": {
          "x": -230.03740126587854,
          "y": -15.088054438505834
        }
      },
      {
        "id": "n:n5",
        "position": {
          "x": -136.3028970989792,
          "y": -259.6798522519518
        }
      },
      {
        "id": "n:n6",
        "position": {
          "x": -375.83310242088453,
          "y": -12.134231811602689
        }
      },
      {
        "id": "n:n7",
        "position": {
          "x": -46.80215571407059,
          "y": -258.4432491214535
        }
      },
      {
        "id": "n:n8",
        "position": {
          "x": -229.01850260168024,
          "y": -259.38587581735123
        }
      },
      {
        "id": "n:n11",
        "position": {
          "x": -48.61979066517811,
          "y": -14.007189475465808
        }
      },
      {
        "id": "n:n12",
        "position": {
          "x": -375.36253431377315,
          "y": -150.0700635582313
        }
      },
      {
        "id": "n:n13",
        "position": {
          "x": -230.66256692133712,
          "y": -149.36886877985546
        }
      },
      {
        "id": "n:n14",
        "position": {
          "x": -471.6751934772877,
          "y": -16.032345792741474
        }
      },
      {
        "id": "n:n15",
        "position": {
          "x": -459.39613443670055,
          "y": -257.7574622876812
        }
      }
    ]
  },
  "dataModel": {
    "version": "1.4.0",
    "graphSchemaRepresentation": {
      "version": "1.0.0",
      "graphSchema": {
        "nodeLabels": [
          {
            "$id": "nl:n0",
            "token": "Features",
            "properties": [
              {
                "$id": "p:26",
                "token": "featureID",
                "type": {
                  "type": "string"
                },
                "nullable": true
              },
              {
                "$id": "p:27",
                "token": "Name",
                "type": {
                  "type": "string"
                },
                "nullable": true
              },
              {
                "$id": "p:28",
                "token": "Feature Description/ Functional Objective",
                "type": {
                  "type": "string"
                },
                "nullable": true
              },
              {
                "$id": "p:29",
                "token": "Systems/Sub-Function",
                "type": {
                  "type": "string"
                },
                "nullable": true
              }
            ]
          },
          {
            "$id": "nl:n4",
            "token": "InternalInfluences",
            "properties": [
              {
                "$id": "p:32",
                "token": "influenceID",
                "type": {
                  "type": "string"
                },
                "nullable": true
              },
              {
                "$id": "p:33",
                "token": "Name",
                "type": {
                  "type": "string"
                },
                "nullable": true
              },
              {
                "$id": "p:34",
                "token": "Description",
                "type": {
                  "type": "string"
                },
                "nullable": true
              }
            ]
          },
          {
            "$id": "nl:n5",
            "token": "FeatureMetrics",
            "properties": [
              {
                "$id": "p:19",
                "token": "metricID",
                "type": {
                  "type": "string"
                },
                "nullable": true
              },
              {
                "$id": "p:20",
                "token": "Name",
                "type": {
                  "type": "string"
                },
                "nullable": true
              },
              {
                "$id": "p:21",
                "token": "Description",
                "type": {
                  "type": "string"
                },
                "nullable": true
              },
              {
                "$id": "p:22",
                "token": "Specification",
                "type": {
                  "type": "string"
                },
                "nullable": true
              }
            ]
          },
          {
            "$id": "nl:n6",
            "token": "ExternalInfluences",
            "properties": [
              {
                "$id": "p:35",
                "token": "extInfluenceID",
                "type": {
                  "type": "string"
                },
                "nullable": true
              },
              {
                "$id": "p:36",
                "token": "Name",
                "type": {
                  "type": "string"
                },
                "nullable": true
              },
              {
                "$id": "p:37",
                "token": "Description",
                "type": {
                  "type": "string"
                },
                "nullable": true
              }
            ]
          },
          {
            "$id": "nl:n7",
            "token": "AutomationLevel",
            "properties": [
              {
                "$id": "p:23",
                "token": "levelID",
                "type": {
                  "type": "string"
                },
                "nullable": true
              },
              {
                "$id": "p:24",
                "token": "Name",
                "type": {
                  "type": "string"
                },
                "nullable": true
              },
              {
                "$id": "p:25",
                "token": "Description",
                "type": {
                  "type": "string"
                },
                "nullable": true
              }
            ]
          },
          {
            "$id": "nl:n8",
            "token": "ODD",
            "properties": [
              {
                "$id": "p:15",
                "token": "oddID",
                "type": {
                  "type": "string"
                },
                "nullable": true
              },
              {
                "$id": "p:16",
                "token": "Name",
                "type": {
                  "type": "string"
                },
                "nullable": true
              },
              {
                "$id": "p:17",
                "token": "Category",
                "type": {
                  "type": "string"
                },
                "nullable": true
              },
              {
                "$id": "p:18",
                "token": "Description",
                "type": {
                  "type": "string"
                },
                "nullable": true
              }
            ]
          },
          {
            "$id": "nl:n11",
            "token": "SystemTechnologies",
            "properties": [
              {
                "$id": "p:30",
                "token": "systemID",
                "type": {
                  "type": "string"
                },
                "nullable": true
              },
              {
                "$id": "p:31",
                "token": "Name",
                "type": {
                  "type": "string"
                },
                "nullable": true
              }
            ]
          },
          {
            "$id": "nl:n12",
            "token": "Experiments",
            "properties": [
              {
                "$id": "p:5",
                "token": "experimentID",
                "type": {
                  "type": "string"
                },
                "nullable": true
              },
              {
                "$id": "p:6",
                "token": "Name",
                "type": {
                  "type": "string"
                },
                "nullable": true
              },
              {
                "$id": "p:7",
                "token": "Description",
                "type": {
                  "type": "string"
                },
                "nullable": true
              },
              {
                "$id": "p:8",
                "token": "Scenario",
                "type": {
                  "type": "string"
                },
                "nullable": true
              },
              {
                "$id": "p:9",
                "token": "OesMeasurement",
                "type": {
                  "type": "string"
                },
                "nullable": true
              }
            ]
          },
          {
            "$id": "nl:n13",
            "token": "Behaviors",
            "properties": [
              {
                "$id": "p:11",
                "token": "behaviorID",
                "type": {
                  "type": "string"
                },
                "nullable": true
              },
              {
                "$id": "p:12",
                "token": "Name",
                "type": {
                  "type": "string"
                },
                "nullable": true
              },
              {
                "$id": "p:13",
                "token": "Description",
                "type": {
                  "type": "string"
                },
                "nullable": true
              },
              {
                "$id": "p:14",
                "token": "Specification",
                "type": {
                  "type": "string"
                },
                "nullable": true
              }
            ]
          },
          {
            "$id": "nl:n14",
            "token": "UsageSpecification",
            "properties": [
              {
                "$id": "p:10",
                "token": "usageID",
                "type": {
                  "type": "string"
                },
                "nullable": true
              },
              {
                "$id": "p:38",
                "token": "Name",
                "type": {
                  "type": "string"
                },
                "nullable": true
              }
            ]
          },
          {
            "$id": "nl:n15",
            "token": "OES ",
            "properties": [
              {
                "$id": "p:1",
                "token": "oesID",
                "type": {
                  "type": "string"
                },
                "nullable": true
              },
              {
                "$id": "p:2",
                "token": "Measures",
                "type": {
                  "type": "string"
                },
                "nullable": true
              },
              {
                "$id": "p:3",
                "token": "Unit",
                "type": {
                  "type": "string"
                },
                "nullable": true
              },
              {
                "$id": "p:4",
                "token": "Description",
                "type": {
                  "type": "string"
                },
                "nullable": true
              }
            ]
          }
        ],
        "nodeObjectTypes": [
          {
            "$id": "n:n0",
            "labels": [
              {
                "$ref": "#nl:n0"
              }
            ]
          },
          {
            "$id": "n:n4",
            "labels": [
              {
                "$ref": "#nl:n4"
              }
            ]
          },
          {
            "$id": "n:n5",
            "labels": [
              {
                "$ref": "#nl:n5"
              }
            ]
          },
          {
            "$id": "n:n6",
            "labels": [
              {
                "$ref": "#nl:n6"
              }
            ]
          },
          {
            "$id": "n:n7",
            "labels": [
              {
                "$ref": "#nl:n7"
              }
            ]
          },
          {
            "$id": "n:n8",
            "labels": [
              {
                "$ref": "#nl:n8"
              }
            ]
          },
          {
            "$id": "n:n11",
            "labels": [
              {
                "$ref": "#nl:n11"
              }
            ]
          },
          {
            "$id": "n:n12",
            "labels": [
              {
                "$ref": "#nl:n12"
              }
            ]
          },
          {
            "$id": "n:n13",
            "labels": [
              {
                "$ref": "#nl:n13"
              }
            ]
          },
          {
            "$id": "n:n14",
            "labels": [
              {
                "$ref": "#nl:n14"
              }
            ]
          },
          {
            "$id": "n:n15",
            "labels": [
              {
                "$ref": "#nl:n15"
              }
            ]
          }
        ],
        "relationshipTypes": [
          {
            "$id": "rt:n7",
            "token": "CAUSED_BY",
            "properties": []
          },
          {
            "$id": "rt:n8",
            "token": "HAS_AUTO_LEVEL",
            "properties": []
          },
          {
            "$id": "rt:n9",
            "token": "HAS_ODD",
            "properties": []
          },
          {
            "$id": "rt:n11",
            "token": "MEASURES",
            "properties": []
          },
          {
            "$id": "rt:n14",
            "token": "HAS_SYS_TECH",
            "properties": []
          },
          {
            "$id": "rt:n16",
            "token": "PROVIDES_ODD_CONTEXT",
            "properties": []
          },
          {
            "$id": "rt:n17",
            "token": "PERFORMED_BY",
            "properties": []
          },
          {
            "$id": "rt:n18",
            "token": "HAS_EXPERIMENTS",
            "properties": []
          },
          {
            "$id": "rt:n19",
            "token": "TESTS_BEHAVIOR",
            "properties": []
          },
          {
            "$id": "rt:n21",
            "token": "MEASURES_ODD",
            "properties": []
          },
          {
            "$id": "rt:n22",
            "token": "INFLUENCED_BY",
            "properties": []
          },
          {
            "$id": "rt:n23",
            "token": "PROVIDES_OES_CONTEXT",
            "properties": []
          },
          {
            "$id": "rt:n24",
            "token": "INFLUENCES",
            "properties": []
          }
        ],
        "relationshipObjectTypes": [
          {
            "$id": "r:n7",
            "type": {
              "$ref": "#rt:n7"
            },
            "from": {
              "$ref": "#n:n4"
            },
            "to": {
              "$ref": "#n:n6"
            }
          },
          {
            "$id": "r:n8",
            "type": {
              "$ref": "#rt:n8"
            },
            "from": {
              "$ref": "#n:n0"
            },
            "to": {
              "$ref": "#n:n7"
            }
          },
          {
            "$id": "r:n9",
            "type": {
              "$ref": "#rt:n9"
            },
            "from": {
              "$ref": "#n:n0"
            },
            "to": {
              "$ref": "#n:n8"
            }
          },
          {
            "$id": "r:n11",
            "type": {
              "$ref": "#rt:n11"
            },
            "from": {
              "$ref": "#n:n5"
            },
            "to": {
              "$ref": "#n:n0"
            }
          },
          {
            "$id": "r:n14",
            "type": {
              "$ref": "#rt:n14"
            },
            "from": {
              "$ref": "#n:n0"
            },
            "to": {
              "$ref": "#n:n11"
            }
          },
          {
            "$id": "r:n16",
            "type": {
              "$ref": "#rt:n16"
            },
            "from": {
              "$ref": "#n:n8"
            },
            "to": {
              "$ref": "#n:n12"
            }
          },
          {
            "$id": "r:n17",
            "type": {
              "$ref": "#rt:n17"
            },
            "from": {
              "$ref": "#n:n13"
            },
            "to": {
              "$ref": "#n:n0"
            }
          },
          {
            "$id": "r:n18",
            "type": {
              "$ref": "#rt:n18"
            },
            "from": {
              "$ref": "#n:n14"
            },
            "to": {
              "$ref": "#n:n12"
            }
          },
          {
            "$id": "r:n19",
            "type": {
              "$ref": "#rt:n19"
            },
            "from": {
              "$ref": "#n:n12"
            },
            "to": {
              "$ref": "#n:n13"
            }
          },
          {
            "$id": "r:n21",
            "type": {
              "$ref": "#rt:n21"
            },
            "from": {
              "$ref": "#n:n15"
            },
            "to": {
              "$ref": "#n:n8"
            }
          },
          {
            "$id": "r:n22",
            "type": {
              "$ref": "#rt:n22"
            },
            "from": {
              "$ref": "#n:n11"
            },
            "to": {
              "$ref": "#n:n4"
            }
          },
          {
            "$id": "r:n23",
            "type": {
              "$ref": "#rt:n23"
            },
            "from": {
              "$ref": "#n:n15"
            },
            "to": {
              "$ref": "#n:n12"
            }
          },
          {
            "$id": "r:n24",
            "type": {
              "$ref": "#rt:n24"
            },
            "from": {
              "$ref": "#n:n6"
            },
            "to": {
              "$ref": "#n:n12"
            }
          }
        ],
        "indexes": [
          {
            "$id": "i:9",
            "name": "oesID_OES__uniq",
            "indexType": "default",
            "entityType": "node",
            "nodeLabel": {
              "$ref": "#nl:n15"
            },
            "properties": [
              {
                "$ref": "#p:1"
              }
            ]
          },
          {
            "$id": "i:2",
            "name": "behaviorID_Behavior_uniq",
            "indexType": "default",
            "entityType": "node",
            "nodeLabel": {
              "$ref": "#nl:n13"
            },
            "properties": [
              {
                "$ref": "#p:11"
              }
            ]
          },
          {
            "$id": "i:7",
            "name": "oddID_ODD_uniq",
            "indexType": "default",
            "entityType": "node",
            "nodeLabel": {
              "$ref": "#nl:n8"
            },
            "properties": [
              {
                "$ref": "#p:15"
              }
            ]
          },
          {
            "$id": "i:1",
            "name": "metricID_FeatureMetrics_uniq",
            "indexType": "default",
            "entityType": "node",
            "nodeLabel": {
              "$ref": "#nl:n5"
            },
            "properties": [
              {
                "$ref": "#p:19"
              }
            ]
          },
          {
            "$id": "i:6",
            "name": "levelID_AutomationLevel_uniq",
            "indexType": "default",
            "entityType": "node",
            "nodeLabel": {
              "$ref": "#nl:n7"
            },
            "properties": [
              {
                "$ref": "#p:23"
              }
            ]
          },
          {
            "$id": "i:3",
            "name": "featureID_Feature_uniq",
            "indexType": "default",
            "entityType": "node",
            "nodeLabel": {
              "$ref": "#nl:n0"
            },
            "properties": [
              {
                "$ref": "#p:26"
              }
            ]
          },
          {
            "$id": "i:4",
            "name": "systemID_SystemTechnologies_uniq",
            "indexType": "default",
            "entityType": "node",
            "nodeLabel": {
              "$ref": "#nl:n11"
            },
            "properties": [
              {
                "$ref": "#p:30"
              }
            ]
          },
          {
            "$id": "i:11",
            "name": "extInfluenceID_ExternalInfluences_uniq",
            "indexType": "default",
            "entityType": "node",
            "nodeLabel": {
              "$ref": "#nl:n6"
            },
            "properties": [
              {
                "$ref": "#p:35"
              }
            ]
          },
          {
            "$id": "i:5",
            "name": "influenceID_InternalInfluences_uniq",
            "indexType": "default",
            "entityType": "node",
            "nodeLabel": {
              "$ref": "#nl:n4"
            },
            "properties": [
              {
                "$ref": "#p:32"
              }
            ]
          },
          {
            "$id": "i:8",
            "name": "experimentID_Experiment_uniq",
            "indexType": "default",
            "entityType": "node",
            "nodeLabel": {
              "$ref": "#nl:n12"
            },
            "properties": [
              {
                "$ref": "#p:5"
              }
            ]
          },
          {
            "$id": "i:10",
            "name": "usageID_UsageSpecification_uniq",
            "indexType": "default",
            "entityType": "node",
            "nodeLabel": {
              "$ref": "#nl:n14"
            },
            "properties": [
              {
                "$ref": "#p:10"
              }
            ]
          }
        ],
        "constraints": [
          {
            "$id": "c:9",
            "name": "oesID_OES__uniq",
            "constraintType": "uniqueness",
            "entityType": "node",
            "nodeLabel": {
              "$ref": "#nl:n15"
            },
            "properties": [
              {
                "$ref": "#p:1"
              }
            ]
          },
          {
            "$id": "c:2",
            "name": "behaviorID_Behavior_uniq",
            "constraintType": "uniqueness",
            "entityType": "node",
            "nodeLabel": {
              "$ref": "#nl:n13"
            },
            "properties": [
              {
                "$ref": "#p:11"
              }
            ]
          },
          {
            "$id": "c:7",
            "name": "oddID_ODD_uniq",
            "constraintType": "uniqueness",
            "entityType": "node",
            "nodeLabel": {
              "$ref": "#nl:n8"
            },
            "properties": [
              {
                "$ref": "#p:15"
              }
            ]
          },
          {
            "$id": "c:3",
            "name": "featureID_Feature_uniq",
            "constraintType": "uniqueness",
            "entityType": "node",
            "nodeLabel": {
              "$ref": "#nl:n0"
            },
            "properties": [
              {
                "$ref": "#p:26"
              }
            ]
          },
          {
            "$id": "c:8",
            "name": "experimentID_Experiment_uniq",
            "constraintType": "uniqueness",
            "entityType": "node",
            "nodeLabel": {
              "$ref": "#nl:n12"
            },
            "properties": [
              {
                "$ref": "#p:5"
              }
            ]
          },
          {
            "$id": "c:1",
            "name": "metricID_FeatureMetrics_uniq",
            "constraintType": "uniqueness",
            "entityType": "node",
            "nodeLabel": {
              "$ref": "#nl:n5"
            },
            "properties": [
              {
                "$ref": "#p:19"
              }
            ]
          },
          {
            "$id": "c:6",
            "name": "levelID_AutomationLevel_uniq",
            "constraintType": "uniqueness",
            "entityType": "node",
            "nodeLabel": {
              "$ref": "#nl:n7"
            },
            "properties": [
              {
                "$ref": "#p:23"
              }
            ]
          },
          {
            "$id": "c:4",
            "name": "systemID_SystemTechnologies_uniq",
            "constraintType": "uniqueness",
            "entityType": "node",
            "nodeLabel": {
              "$ref": "#nl:n11"
            },
            "properties": [
              {
                "$ref": "#p:30"
              }
            ]
          },
          {
            "$id": "c:5",
            "name": "influenceID_InternalInfluences_uniq",
            "constraintType": "uniqueness",
            "entityType": "node",
            "nodeLabel": {
              "$ref": "#nl:n4"
            },
            "properties": [
              {
                "$ref": "#p:32"
              }
            ]
          },
          {
            "$id": "c:11",
            "name": "extInfluenceID_ExternalInfluences_uniq",
            "constraintType": "uniqueness",
            "entityType": "node",
            "nodeLabel": {
              "$ref": "#nl:n6"
            },
            "properties": [
              {
                "$ref": "#p:35"
              }
            ]
          },
          {
            "$id": "c:10",
            "name": "usageID_UsageSpecification_uniq",
            "constraintType": "uniqueness",
            "entityType": "node",
            "nodeLabel": {
              "$ref": "#nl:n14"
            },
            "properties": [
              {
                "$ref": "#p:10"
              }
            ]
          }
        ]
      }
    },
    "graphSchemaExtensionsRepresentation": {
      "nodeKeyProperties": [
        {
          "node": {
            "$ref": "#n:n15"
          },
          "keyProperty": {
            "$ref": "#p:1"
          }
        },
        {
          "node": {
            "$ref": "#n:n13"
          },
          "keyProperty": {
            "$ref": "#p:11"
          }
        },
        {
          "node": {
            "$ref": "#n:n8"
          },
          "keyProperty": {
            "$ref": "#p:15"
          }
        },
        {
          "node": {
            "$ref": "#n:n5"
          },
          "keyProperty": {
            "$ref": "#p:19"
          }
        },
        {
          "node": {
            "$ref": "#n:n7"
          },
          "keyProperty": {
            "$ref": "#p:23"
          }
        },
        {
          "node": {
            "$ref": "#n:n0"
          },
          "keyProperty": {
            "$ref": "#p:26"
          }
        },
        {
          "node": {
            "$ref": "#n:n11"
          },
          "keyProperty": {
            "$ref": "#p:30"
          }
        },
        {
          "node": {
            "$ref": "#n:n6"
          },
          "keyProperty": {
            "$ref": "#p:35"
          }
        },
        {
          "node": {
            "$ref": "#n:n4"
          },
          "keyProperty": {
            "$ref": "#p:32"
          }
        },
        {
          "node": {
            "$ref": "#n:n12"
          },
          "keyProperty": {
            "$ref": "#p:5"
          }
        },
        {
          "node": {
            "$ref": "#n:n14"
          },
          "keyProperty": {
            "$ref": "#p:10"
          }
        }
      ]
    },
    "graphMappingRepresentation": {
      "dataSourceSchema": {
        "type": "local/csv",
        "tableSchemas": [
          {
            "$id": "t:1",
            "name": "Automation_Levels.csv",
            "expanded": true,
            "fields": [
              {
                "name": "levelID",
                "type": "string",
                "sample": "L0",
                "include": true
              },
              {
                "name": "Name",
                "type": "string",
                "sample": "Level 0",
                "include": true
              },
              {
                "name": "Description",
                "type": "string",
                "sample": "No Driving Automation",
                "include": true
              }
            ]
          },
          {
            "$id": "t:2",
            "name": "Behaviors.csv",
            "expanded": true,
            "fields": [
              {
                "name": "behaviorID",
                "type": "string",
                "sample": "B1",
                "include": true
              },
              {
                "name": "Name",
                "type": "string",
                "sample": "Maintain a lane",
                "include": true
              },
              {
                "name": "Description",
                "type": "string",
                "sample": "Driving along roads predictably and consistently maintaining proper lane position with respect to de...",
                "include": true
              },
              {
                "name": "Specification",
                "type": "string",
                "sample": "d_center <= d_max; v_car <= v_max for t(start : end)",
                "include": true
              }
            ]
          },
          {
            "$id": "t:3",
            "name": "External_Influences.csv",
            "expanded": true,
            "fields": [
              {
                "name": "extInfluenceID",
                "type": "string",
                "sample": "E1",
                "include": true
              },
              {
                "name": "Name",
                "type": "string",
                "sample": "Disruption/Detereoration of channel",
                "include": true
              },
              {
                "name": "Description",
                "type": "string",
                "sample": "No line of sight due to tunnels, buildings, bad weather",
                "include": true
              }
            ]
          },
          {
            "$id": "t:4",
            "name": "ExtInfluence_IntInfluence_Mapping.csv",
            "expanded": true,
            "fields": [
              {
                "name": "extInfluenceID",
                "type": "string",
                "sample": "E1",
                "include": true
              },
              {
                "name": "influenceID",
                "type": "string",
                "sample": "I1",
                "include": true
              }
            ]
          },
          {
            "$id": "t:5",
            "name": "Feature_Behavior_Mapping.csv",
            "expanded": true,
            "fields": [
              {
                "name": "featureID",
                "type": "string",
                "sample": "F1",
                "include": true
              },
              {
                "name": "behaviorID",
                "type": "string",
                "sample": "B9",
                "include": true
              }
            ]
          },
          {
            "$id": "t:6",
            "name": "Feature_Level_Mapping.csv",
            "expanded": true,
            "fields": [
              {
                "name": "featureID",
                "type": "string",
                "sample": "F1",
                "include": true
              },
              {
                "name": "levelID",
                "type": "string",
                "sample": "L2",
                "include": true
              }
            ]
          },
          {
            "$id": "t:7",
            "name": "Feature_Metrics.csv",
            "expanded": true,
            "fields": [
              {
                "name": "metricID",
                "type": "string",
                "sample": "M1",
                "include": true
              },
              {
                "name": "Name",
                "type": "string",
                "sample": "OCA metrics",
                "include": true
              },
              {
                "name": "Description",
                "type": "string",
                "sample": "Behaviors of (1) responding to lane obstructions and obstacles and (2) responding to external commun...",
                "include": true
              },
              {
                "name": "Specification",
                "type": "string",
                "sample": "TBD (metrics related to stopping distance along with behavior specification)",
                "include": true
              }
            ]
          },
          {
            "$id": "t:8",
            "name": "Feature_Metrics_Mapping.csv",
            "expanded": true,
            "fields": [
              {
                "name": "featureID",
                "type": "string",
                "sample": "F1",
                "include": true
              },
              {
                "name": "metricID",
                "type": "string",
                "sample": "M1",
                "include": true
              }
            ]
          },
          {
            "$id": "t:9",
            "name": "Feature_ODD_Mapping.csv",
            "expanded": true,
            "fields": [
              {
                "name": "featureID",
                "type": "string",
                "sample": "F1",
                "include": true
              },
              {
                "name": "oddID",
                "type": "string",
                "sample": "O1",
                "include": true
              }
            ]
          },
          {
            "$id": "t:10",
            "name": "Feature_SystemTech_Mapping.csv",
            "expanded": true,
            "fields": [
              {
                "name": "featureID",
                "type": "string",
                "sample": "F1",
                "include": true
              },
              {
                "name": "systemID",
                "type": "string",
                "sample": "CO",
                "include": true
              }
            ]
          },
          {
            "$id": "t:11",
            "name": "Features.csv",
            "expanded": true,
            "fields": [
              {
                "name": "featureID",
                "type": "string",
                "sample": "F1",
                "include": true
              },
              {
                "name": "Name",
                "type": "string",
                "sample": "Obstacle Collision Avoidance",
                "include": true
              },
              {
                "name": "Feature Description/ Functional Objective",
                "type": "string",
                "sample": "Ego vehicle avoids obstacle collision by determining distance between vehicle and obstacle using LiD...",
                "include": true
              },
              {
                "name": "Systems/Sub-Function",
                "type": "string",
                "sample": "Object Detection(LiDAR, no AI);\nV2X;\nAdaptive Braking Force(Passenger comfort);\nLane Detection;\nDeci...",
                "include": true
              }
            ]
          },
          {
            "$id": "t:12",
            "name": "Int_Influences.csv",
            "expanded": true,
            "fields": [
              {
                "name": "influenceID",
                "type": "string",
                "sample": "I1",
                "include": true
              },
              {
                "name": "Name",
                "type": "string",
                "sample": "Signal Interference",
                "include": true
              },
              {
                "name": "Description",
                "type": "string",
                "sample": "Sensors singals can be disrupted by weather, electronic devices or infrastructure",
                "include": true
              }
            ]
          },
          {
            "$id": "t:13",
            "name": "ODD.csv",
            "expanded": true,
            "fields": [
              {
                "name": "oddID",
                "type": "string",
                "sample": "O1",
                "include": true
              },
              {
                "name": "Name",
                "type": "string",
                "sample": "Roadway Types",
                "include": true
              },
              {
                "name": "Category",
                "type": "string",
                "sample": "Physical Infrastructure",
                "include": true
              },
              {
                "name": "Description",
                "type": "string",
                "sample": "Divided highway, undivided highway, arterial, urban, rural, parking, multi-lane, single lane, high-o...",
                "include": true
              }
            ]
          },
          {
            "$id": "t:16",
            "name": "OES.csv",
            "expanded": true,
            "fields": [
              {
                "name": "oesID",
                "type": "string",
                "sample": "OES1",
                "include": true
              },
              {
                "name": "Measures",
                "type": "string",
                "sample": "Fog",
                "include": true
              },
              {
                "name": "Unit",
                "type": "string",
                "sample": " visibility in meters, km",
                "include": true
              },
              {
                "name": "Description",
                "type": "string",
                "sample": "Dense [<50m];\nThick [50m - 200m];\nModerate [200m - 500m];\nLight [500m - 1km];\nThin [1 - 2km];\nHaze [...",
                "include": true
              }
            ]
          },
          {
            "$id": "t:19",
            "name": "System_Technologies.csv",
            "expanded": true,
            "fields": [
              {
                "name": "systemID",
                "type": "string",
                "sample": "CO",
                "include": true
              },
              {
                "name": "Name",
                "type": "string",
                "sample": "communication",
                "include": true
              }
            ]
          },
          {
            "$id": "t:21",
            "name": "ODD_OES_Mapping.csv",
            "expanded": true,
            "fields": [
              {
                "name": "oesID",
                "type": "string",
                "sample": "OES1",
                "include": true
              },
              {
                "name": "oddID",
                "type": "string",
                "sample": "O16",
                "include": true
              }
            ]
          },
          {
            "$id": "t:26",
            "name": "Usage.csv",
            "expanded": true,
            "fields": [
              {
                "name": "usageID",
                "type": "string",
                "sample": "U1",
                "include": true
              },
              {
                "name": "Name",
                "type": "string",
                "sample": "Urban robo-taxi",
                "include": true
              }
            ]
          },
          {
            "$id": "t:14",
            "name": "IntInfluence_SysTech_Mapping.csv",
            "expanded": true,
            "fields": [
              {
                "name": "systemID",
                "type": "string",
                "sample": "CO",
                "include": true
              },
              {
                "name": "influenceID",
                "type": "string",
                "sample": "I1",
                "include": true
              }
            ]
          },
          {
            "$id": "t:15",
            "name": "Experiments.csv",
            "expanded": true,
            "fields": [
              {
                "name": "experimentID",
                "type": "string",
                "sample": "EX1",
                "include": true
              },
              {
                "name": "Name",
                "type": "string",
                "sample": "Traffic Cone Shape",
                "include": true
              },
              {
                "name": "Description",
                "type": "string",
                "sample": "Experiment changes the shape of the cone area to analyse its effects on classification and detection...",
                "include": true
              },
              {
                "name": "Scenario",
                "type": "string",
                "sample": "Ego drives down a lane;\nComes across a stationary obstacle traffic cone;\nEgo vehicle brakes at a saf...",
                "include": true
              },
              {
                "name": "OesMeasurement",
                "type": "string",
                "sample": "Rain (No rain - heavy rain) [>7.6 to 50 mm/h];\nDay [Day: 10000 - 25000 lux];\nLane Width [3.7m];\nSpee...",
                "include": true
              }
            ]
          },
          {
            "$id": "t:18",
            "name": "ODD_Experiment_Mapping.csv",
            "expanded": true,
            "fields": [
              {
                "name": "experimentID",
                "type": "string",
                "sample": "EX1",
                "include": true
              },
              {
                "name": "oddID",
                "type": "string",
                "sample": "O1",
                "include": true
              }
            ]
          },
          {
            "$id": "t:20",
            "name": "OES_Experiment_Mapping.csv",
            "expanded": true,
            "fields": [
              {
                "name": "experimentID",
                "type": "string",
                "sample": "EX1",
                "include": true
              },
              {
                "name": "oesID",
                "type": "string",
                "sample": "OES2",
                "include": true
              }
            ]
          },
          {
            "$id": "t:22",
            "name": "Usage_Experiment_Mapping.csv",
            "expanded": true,
            "fields": [
              {
                "name": "experimentID",
                "type": "string",
                "sample": "EX1",
                "include": true
              },
              {
                "name": "usecaseID",
                "type": "string",
                "sample": "U1",
                "include": true
              }
            ]
          },
          {
            "$id": "t:17",
            "name": "Experiment_ExtInfluence_Mapping.csv",
            "expanded": true,
            "fields": [
              {
                "name": "experimentID",
                "type": "string",
                "sample": "EX1",
                "include": true
              },
              {
                "name": "extInfluenceID",
                "type": "string",
                "sample": "E2",
                "include": true
              }
            ]
          },
          {
            "$id": "t:23",
            "name": "Behavior_Experiment_Mapping.csv",
            "expanded": true,
            "fields": [
              {
                "name": "experimentID",
                "type": "string",
                "sample": "EX1",
                "include": true
              },
              {
                "name": "behaviorID",
                "type": "string",
                "sample": "B9",
                "include": true
              }
            ]
          },
          {
            "$id": "t:24",
            "name": "neo4J Custom Queries.csv",
            "expanded": true,
            "fields": [
              {
                "name": "name",
                "type": "string",
                "sample": "Custom_Queries",
                "include": true
              },
              {
                "name": "description",
                "type": "string",
                "sample": "",
                "include": true
              },
              {
                "name": "query",
                "type": "string",
                "sample": "",
                "include": true
              },
              {
                "name": "id",
                "type": "integer",
                "sample": "0",
                "include": true
              },
              {
                "name": "parentId",
                "type": "boolean",
                "sample": "",
                "include": true
              },
              {
                "name": "isFolder",
                "type": "boolean",
                "sample": "TRUE",
                "include": true
              }
            ]
          }
        ]
      },
      "nodeMappings": [
        {
          "node": {
            "$ref": "#n:n0"
          },
          "tableSchema": {
            "$ref": "#t:11"
          },
          "propertyMappings": [
            {
              "fieldName": "featureID",
              "property": {
                "$ref": "#p:26"
              }
            },
            {
              "fieldName": "Name",
              "property": {
                "$ref": "#p:27"
              }
            },
            {
              "fieldName": "Feature Description/ Functional Objective",
              "property": {
                "$ref": "#p:28"
              }
            },
            {
              "fieldName": "Systems/Sub-Function",
              "property": {
                "$ref": "#p:29"
              }
            }
          ]
        },
        {
          "node": {
            "$ref": "#n:n11"
          },
          "tableSchema": {
            "$ref": "#t:19"
          },
          "propertyMappings": [
            {
              "fieldName": "systemID",
              "property": {
                "$ref": "#p:30"
              }
            },
            {
              "fieldName": "Name",
              "property": {
                "$ref": "#p:31"
              }
            }
          ]
        },
        {
          "node": {
            "$ref": "#n:n4"
          },
          "tableSchema": {
            "$ref": "#t:12"
          },
          "propertyMappings": [
            {
              "fieldName": "influenceID",
              "property": {
                "$ref": "#p:32"
              }
            },
            {
              "fieldName": "Name",
              "property": {
                "$ref": "#p:33"
              }
            },
            {
              "fieldName": "Description",
              "property": {
                "$ref": "#p:34"
              }
            }
          ]
        },
        {
          "node": {
            "$ref": "#n:n6"
          },
          "tableSchema": {
            "$ref": "#t:3"
          },
          "propertyMappings": [
            {
              "fieldName": "extInfluenceID",
              "property": {
                "$ref": "#p:35"
              }
            },
            {
              "fieldName": "Name",
              "property": {
                "$ref": "#p:36"
              }
            },
            {
              "fieldName": "Description",
              "property": {
                "$ref": "#p:37"
              }
            }
          ]
        },
        {
          "node": {
            "$ref": "#n:n5"
          },
          "tableSchema": {
            "$ref": "#t:7"
          },
          "propertyMappings": [
            {
              "fieldName": "metricID",
              "property": {
                "$ref": "#p:19"
              }
            },
            {
              "fieldName": "Name",
              "property": {
                "$ref": "#p:20"
              }
            },
            {
              "fieldName": "Description",
              "property": {
                "$ref": "#p:21"
              }
            },
            {
              "fieldName": "Specification",
              "property": {
                "$ref": "#p:22"
              }
            }
          ]
        },
        {
          "node": {
            "$ref": "#n:n7"
          },
          "tableSchema": {
            "$ref": "#t:1"
          },
          "propertyMappings": [
            {
              "fieldName": "levelID",
              "property": {
                "$ref": "#p:23"
              }
            },
            {
              "fieldName": "Name",
              "property": {
                "$ref": "#p:24"
              }
            },
            {
              "fieldName": "Description",
              "property": {
                "$ref": "#p:25"
              }
            }
          ]
        },
        {
          "node": {
            "$ref": "#n:n8"
          },
          "tableSchema": {
            "$ref": "#t:13"
          },
          "propertyMappings": [
            {
              "fieldName": "oddID",
              "property": {
                "$ref": "#p:15"
              }
            },
            {
              "fieldName": "Name",
              "property": {
                "$ref": "#p:16"
              }
            },
            {
              "fieldName": "Category",
              "property": {
                "$ref": "#p:17"
              }
            },
            {
              "fieldName": "Description",
              "property": {
                "$ref": "#p:18"
              }
            }
          ]
        },
        {
          "node": {
            "$ref": "#n:n13"
          },
          "tableSchema": {
            "$ref": "#t:2"
          },
          "propertyMappings": [
            {
              "fieldName": "behaviorID",
              "property": {
                "$ref": "#p:11"
              }
            },
            {
              "fieldName": "Name",
              "property": {
                "$ref": "#p:12"
              }
            },
            {
              "fieldName": "Description",
              "property": {
                "$ref": "#p:13"
              }
            },
            {
              "fieldName": "Specification",
              "property": {
                "$ref": "#p:14"
              }
            }
          ]
        },
        {
          "node": {
            "$ref": "#n:n15"
          },
          "tableSchema": {
            "$ref": "#t:16"
          },
          "propertyMappings": [
            {
              "fieldName": "oesID",
              "property": {
                "$ref": "#p:1"
              }
            },
            {
              "fieldName": "Measures",
              "property": {
                "$ref": "#p:2"
              }
            },
            {
              "fieldName": "Unit",
              "property": {
                "$ref": "#p:3"
              }
            },
            {
              "fieldName": "Description",
              "property": {
                "$ref": "#p:4"
              }
            }
          ]
        },
        {
          "node": {
            "$ref": "#n:n14"
          },
          "tableSchema": {
            "$ref": "#t:26"
          },
          "propertyMappings": [
            {
              "fieldName": "usageID",
              "property": {
                "$ref": "#p:10"
              }
            },
            {
              "fieldName": "Name",
              "property": {
                "$ref": "#p:38"
              }
            }
          ]
        },
        {
          "node": {
            "$ref": "#n:n12"
          },
          "tableSchema": {
            "$ref": "#t:15"
          },
          "propertyMappings": [
            {
              "fieldName": "experimentID",
              "property": {
                "$ref": "#p:5"
              }
            },
            {
              "fieldName": "Name",
              "property": {
                "$ref": "#p:6"
              }
            },
            {
              "fieldName": "Description",
              "property": {
                "$ref": "#p:7"
              }
            },
            {
              "fieldName": "Scenario",
              "property": {
                "$ref": "#p:8"
              }
            },
            {
              "fieldName": "OesMeasurement",
              "property": {
                "$ref": "#p:9"
              }
            }
          ]
        }
      ],
      "relationshipMappings": [
        {
          "relationship": {
            "$ref": "#r:n8"
          },
          "tableSchema": {
            "$ref": "#t:6"
          },
          "propertyMappings": [],
          "fromMapping": {
            "fieldName": "featureID"
          },
          "toMapping": {
            "fieldName": "levelID"
          }
        },
        {
          "relationship": {
            "$ref": "#r:n14"
          },
          "tableSchema": {
            "$ref": "#t:10"
          },
          "propertyMappings": [],
          "fromMapping": {
            "fieldName": "featureID"
          },
          "toMapping": {
            "fieldName": "systemID"
          }
        },
        {
          "relationship": {
            "$ref": "#r:n7"
          },
          "tableSchema": {
            "$ref": "#t:4"
          },
          "propertyMappings": [],
          "fromMapping": {
            "fieldName": "influenceID"
          },
          "toMapping": {
            "fieldName": "extInfluenceID"
          }
        },
        {
          "relationship": {
            "$ref": "#r:n9"
          },
          "tableSchema": {
            "$ref": "#t:9"
          },
          "propertyMappings": [],
          "fromMapping": {
            "fieldName": "featureID"
          },
          "toMapping": {
            "fieldName": "oddID"
          }
        },
        {
          "relationship": {
            "$ref": "#r:n17"
          },
          "tableSchema": {
            "$ref": "#t:5"
          },
          "propertyMappings": [],
          "fromMapping": {
            "fieldName": "behaviorID"
          },
          "toMapping": {
            "fieldName": "featureID"
          }
        },
        {
          "relationship": {
            "$ref": "#r:n11"
          },
          "tableSchema": {
            "$ref": "#t:8"
          },
          "propertyMappings": [],
          "fromMapping": {
            "fieldName": "metricID"
          },
          "toMapping": {
            "fieldName": "featureID"
          }
        },
        {
          "relationship": {
            "$ref": "#r:n21"
          },
          "tableSchema": {
            "$ref": "#t:21"
          },
          "propertyMappings": [],
          "fromMapping": {
            "fieldName": "oesID"
          },
          "toMapping": {
            "fieldName": "oddID"
          }
        },
        {
          "relationship": {
            "$ref": "#r:n22"
          },
          "tableSchema": {
            "$ref": "#t:14"
          },
          "propertyMappings": [],
          "fromMapping": {
            "fieldName": "systemID"
          },
          "toMapping": {
            "fieldName": "influenceID"
          }
        },
        {
          "relationship": {
            "$ref": "#r:n18"
          },
          "tableSchema": {
            "$ref": "#t:22"
          },
          "propertyMappings": [],
          "fromMapping": {
            "fieldName": "usecaseID"
          },
          "toMapping": {
            "fieldName": "experimentID"
          }
        },
        {
          "relationship": {
            "$ref": "#r:n24"
          },
          "tableSchema": {
            "$ref": "#t:17"
          },
          "propertyMappings": [],
          "fromMapping": {
            "fieldName": "extInfluenceID"
          },
          "toMapping": {
            "fieldName": "experimentID"
          }
        },
        {
          "relationship": {
            "$ref": "#r:n23"
          },
          "tableSchema": {
            "$ref": "#t:20"
          },
          "propertyMappings": [],
          "fromMapping": {
            "fieldName": "oesID"
          },
          "toMapping": {
            "fieldName": "experimentID"
          }
        },
        {
          "relationship": {
            "$ref": "#r:n16"
          },
          "tableSchema": {
            "$ref": "#t:18"
          },
          "propertyMappings": [],
          "fromMapping": {
            "fieldName": "oddID"
          },
          "toMapping": {
            "fieldName": "experimentID"
          }
        },
        {
          "relationship": {
            "$ref": "#r:n19"
          },
          "tableSchema": {
            "$ref": "#t:23"
          },
          "propertyMappings": [],
          "fromMapping": {
            "fieldName": "experimentID"
          },
          "toMapping": {
            "fieldName": "behaviorID"
          }
        }
      ]
    },
    "configurations": {
      "idsToIgnore": []
    }
  }
}